Fire Level,Smoke Level,FFMC,ISI,wind,DC,Fire Type
879,730,86.2,5.1,6.7,94.3,a
268,588,90.6,6.7,0.9,669.1,d
420,760,90.6,6.7,1.3,686.9,a
733,418,91.7,9,4,77.5,k
303,601,89.3,9.6,1.8,102.2,a
141,373,92.3,14.7,5.4,488,c
541,110,92.3,8.5,3.1,495.6,a
976,848,91.5,10.7,2.2,608.2,c
780,935,91,7,5.4,692.6,c
397,796,92.5,7.1,4,698.6,c
481,277,92.5,7.1,7.2,698.6,a
501,387,92.8,22.6,4,713,k
847,646,63.5,0.8,6.7,665.3,c
296,840,90.9,7,2.2,686.5,a
739,646,92.9,9.2,4.5,699.6,c
305,925,93.3,13.9,5.4,713.9,c
650,389,91.7,7.8,5.4,80.8,a
178,843,84.9,3,4.9,664.2,c
768,657,89.2,6.3,4,70.8,a
223,388,86.3,5.1,4.5,97.1,c
790,819,91,7,2.7,692.6,k
487,333,91.8,9.2,2.7,724.3,d
689,631,94.3,56.1,4.5,200,c
511,372,90.2,6.2,5.8,537.4,d
674,623,93.5,20.3,5.8,594.2,b
593,273,91.4,10.6,5.4,601.4,b
473,544,92.4,12.2,5.8,668,c
117,233,90.9,7,1.3,686.5,b
598,806,93.4,8.1,2.7,721.4,d
486,498,93.5,8.1,3.6,728.6,d
596,769,94.3,15.9,3.6,692.3,b
441,946,88.6,7.1,7.6,709.9,c
632,459,88.6,5.8,1.8,706.8,a
310,837,91.7,7.8,3.6,718.3,b
751,960,91.8,9.2,2.7,724.3,d
316,526,90.3,6.3,4.5,730.2,b
937,995,90.6,6.7,4.5,669.1,c
540,732,90,8.7,5.4,682.6,c
612,930,90.6,6.7,4,686.9,c
762,808,88.1,3.8,2.7,67.6,k
796,755,79.5,1.5,3.1,366.7,c
899,384,90.2,8.9,6.7,624.2,d
213,942,94.8,17,5.4,647.1,c
729,460,92.5,7.1,2.7,698.6,c
349,217,90.1,6.2,4.9,735.7,k
568,563,94.3,15.9,4,692.3,d
600,407,90.9,7,3.6,686.5,d
909,956,94.2,11,3.1,442.9,d
839,667,87.2,4.1,1.8,64.7,c
899,931,87.6,5,5.8,103.8,b
544,599,92.9,9.2,1.3,706.4,c
845,867,90.2,6.3,2.2,631.2,d
268,135,92.1,9.6,4.9,654.1,k
151,284,92.1,9.6,4.9,654.1,a
792,135,91.7,6.3,3.6,661.3,b
330,730,92.9,9.2,2.2,706.4,d
834,708,90.3,6.3,4.9,730.2,k
473,389,92.6,8.8,2.7,691.8,c
577,347,84,2.1,5.4,34,d
970,470,86.6,5.3,0.9,43,k
385,828,89.3,9.6,5.8,102.2,a
213,515,89.3,9.6,6.3,102.2,c
325,649,93,7.7,4.9,466.6,a
965,573,90.2,6.3,2.7,631.2,k
138,877,91.1,5.8,3.1,638.8,a
922,327,91.7,6.3,4.5,661.3,c
996,143,92.4,12.2,4.5,668,b
796,508,92.4,12.2,5.4,668,a
920,107,92.4,12.2,6.3,668,c
172,669,91.7,9,4.5,77.5,c
807,918,91.2,12.5,7.6,97.8,c
716,733,94.3,15.9,3.6,692.3,c
378,583,91.7,9,6.3,77.5,a
808,152,88.8,9,4.5,614.5,c
602,876,93.3,13.9,1.3,713.9,d
293,530,84.2,7.7,3.1,26.6,c
886,264,86.6,5.3,3.1,43,c
558,434,87.6,5,3.1,103.8,c
438,997,90.1,12.5,2.7,529.8,b
914,590,91,7,6.7,561.6,c
491,371,91.4,10.6,6.3,601.4,a
306,698,90.2,6.3,2.2,631.2,d
308,607,94.8,17,4.5,647.1,a
932,268,92.1,9.6,0.9,654.1,c
372,199,91.7,6.3,3.6,661.3,d
399,175,92.9,9.2,0.9,706.4,a
318,394,92.9,9.2,2.2,706.4,c
808,386,92.9,9.2,2.2,706.4,b
940,767,93.5,8.1,3.6,728.6,c
547,920,91.7,7.8,4.9,80.8,c
155,494,90.2,8.9,5.8,624.2,b
585,806,91.7,7.8,5.4,80.8,c
222,543,92.3,14.7,6.3,488,c
436,611,91.4,10.6,4.9,601.4,b
633,622,91.1,5.8,2.7,638.8,c
960,413,89.7,4.8,1.3,704.4,d
362,965,83.9,2.6,1.8,30.2,d
576,348,69,0.7,5.4,15.5,d
305,165,91.4,10.6,4.5,601.4,a
613,691,91.4,10.6,5.4,601.4,c
192,894,91.4,10.6,5.4,601.4,c
434,381,88.8,9,5.4,614.5,c
617,565,94.8,17,4,647.1,c
984,378,92.5,8.6,4.5,674.4,a
478,895,82.1,2.9,3.1,9.3,d
360,411,85.9,2.8,6.3,57.3,d
632,300,91.4,7.5,3.1,74.3,d
228,799,90.2,6.3,3.1,631.2,a
848,480,92.5,7.1,3.1,698.6,b
361,976,88.6,7.1,5.4,709.9,a
114,334,85.9,2.8,5.8,57.3,d
979,636,91.7,9,4.5,77.5,b
540,935,89.7,4.8,3.6,704.4,a
401,230,91.8,9.2,2.7,724.3,a
714,563,88.1,3.8,7.6,67.6,c
590,406,88.1,3.8,6.3,67.6,k
813,652,91.7,7.8,6.3,80.8,d
573,580,91.7,7.8,4.9,80.8,d
552,986,90.1,6.2,4,86.6,d
787,927,93,7.7,3.1,466.6,c
445,559,91.5,10.7,2.2,608.2,b
475,619,91.5,10.7,5.4,608.2,c
438,583,92.4,8.5,5.4,680.7,b
445,194,84.4,3.2,3.1,671.9,a
720,277,94.3,15.9,5.4,692.3,c
585,742,92.6,8.8,5.4,691.8,k
354,531,87.6,5,2.2,103.8,c
889,549,93.5,8.1,3.1,728.6,c
353,427,91.4,5.2,3.6,673.8,c
300,780,92.6,8.8,0.9,691.8,d
336,861,68.2,0.8,2.7,87.2,c
184,529,87.2,4.1,3.1,64.7,d
276,205,89.3,9.6,4.9,102.2,k
398,248,93.7,17.9,3.1,685.2,a
393,430,88.1,3.8,2.7,67.6,c
817,140,93.5,20.3,5.8,594.2,c
468,134,92.4,8.5,1.3,680.7,d
370,682,90.9,7,3.1,686.5,c
637,482,85.8,3.9,2.7,313.4,c
164,613,91,7,2.2,692.6,c
631,509,90.9,7,1.8,686.5,b
506,748,95.5,13.2,4.5,513.3,c
216,690,90.1,12.5,8.9,529.8,b
457,762,90,8.7,5.4,296.3,b
434,533,95.5,13.2,5.4,513.3,d
187,702,95.2,10.4,4,578.8,c
504,606,90.1,6.2,5.4,86.6,d
147,720,84.4,3.2,3.6,671.9,a
697,928,94.8,17,6.7,647.1,c
703,727,93.7,17.9,4.5,685.2,d
187,583,92.5,7.1,5.4,433.3,c
994,415,90.1,7.2,2.2,355.2,c
522,666,90.1,6.2,1.8,424.1,b
696,189,94.3,15.9,4.9,692.3,c
533,397,93.4,8.1,2.7,721.4,c
526,305,94.8,17,1.3,647.1,c
309,875,93.4,8.1,2.2,721.4,d
122,139,92.1,9.6,3.6,654.1,k
878,845,92.1,9.6,4,654.1,d
340,154,92.4,12.2,5.8,668,b
892,346,90.1,6.2,3.1,86.6,d
504,336,95.2,10.4,4,578.8,d
224,583,90.6,7.8,8.5,100.4,d
717,342,92.5,8.6,1.8,674.4,c
881,418,89.7,4.8,2.2,704.4,c
174,317,84.9,3,4.5,55,c
394,457,92.1,9.6,0.9,654.1,b
717,297,96,16.5,4.5,570.5,a
814,509,91.2,12.5,9.4,97.8,d
692,829,95.2,10.4,2.2,578.8,a
257,819,92.9,9.2,1.8,699.6,a
151,532,85.6,6.6,4,609.6,c
477,882,91.4,10.6,5.4,601.4,c
754,582,90.9,7,2.2,686.5,c
565,926,90.2,8.9,1.8,624.2,d
326,277,90.2,8.9,4.9,624.2,c
953,573,81.5,2.7,5.8,55.2,c
157,415,90.2,6.3,2.7,631.2,d
562,870,90.1,6.2,2.2,735.7,d
446,152,88.8,9,5.4,614.5,d
564,116,92.4,8.5,6.7,680.7,c
888,377,84.9,3,4,664.2,k
471,598,86.8,3.9,2.2,48.3,c
576,770,91.7,11.1,4.5,696.1,b
169,897,93.9,15.1,4.9,586.7,c
667,182,91,7,3.1,692.6,c
624,328,89.3,9.6,5.8,102.2,c
341,449,90.9,7,2.2,686.5,d
978,599,90.8,7.9,0.9,89.4,b
673,235,90.7,5.5,4,92.4,c
932,182,91.2,12.5,4,97.8,b
422,532,95.2,10.4,2.7,578.8,c
152,663,94.8,17,4.5,647.1,d
327,494,92.9,9.2,4,699.6,d
813,129,94.8,17,4.5,647.1,d
590,898,93.9,15.1,5.4,586.7,c
825,883,81.5,2.7,5.8,55.2,a
497,345,92.9,9.2,0.9,706.4,d
211,491,91,7,6.3,692.6,d
598,273,63.5,0.8,3.6,665.3,c
746,501,91,7,2.2,692.6,c
398,706,90.1,7.2,3.6,83.7,d
937,149,83.9,2.1,2.2,32.1,b
436,110,91.4,5.2,2.7,673.8,c
266,856,90.6,7.8,4,100.4,k
154,852,92.9,9.2,1.8,706.4,d
326,597,93.5,20.3,7.2,594.2,d
242,577,91,7,2.2,692.6,c
756,954,92.4,12.2,6.3,668,d
898,106,93.7,17.9,4.9,685.2,d
102,543,90.6,6.7,3.1,686.9,d
765,864,93.5,20.3,5.8,594.2,a
245,859,94.3,15.9,4.9,692.3,b
532,593,87.6,5,5.8,103.8,d
929,736,91.7,7.8,4.9,80.8,d
197,428,91.7,7.8,4.9,80.8,k
817,894,92.4,8.5,1.3,680.7,c
227,900,88.6,7.1,6.3,709.9,b
928,686,92.9,9.2,1.3,699.6,b
268,214,90.1,6.2,3.1,86.6,b
964,853,90.2,6.3,3.1,631.2,c
518,558,93.3,13.9,3.6,713.9,c
649,597,87.6,5,5.8,103.8,a
804,321,88.3,6.8,3.6,309.9,b
589,816,90.1,6.2,4.5,735.7,d
692,297,93.5,8.1,4.9,728.6,d
567,748,91.7,11.1,4,696.1,d
392,233,92.2,11.9,4.5,480.8,c
986,165,93.5,8.1,3.1,728.6,b
331,720,92.2,11.9,4,480.8,d
187,346,92.9,9.2,4.5,699.6,c
125,501,93.5,8.1,3.1,728.6,d
172,524,91,7,2.7,692.6,b
916,707,84.4,3.2,3.1,671.9,c
351,465,92.5,8.6,3.1,674.4,d
439,764,91.4,10.6,5.8,601.4,c
554,568,92.5,8.6,1.8,674.4,b
689,658,91,7,2.2,692.6,c
166,384,92.5,8.6,4,674.4,c
896,249,81.9,3.5,1.8,7.9,c
877,262,88,3.8,2.7,43.5,b
514,391,83,2.3,3.1,85.3,c
680,669,94.2,12.9,4,589.9,d
645,614,91.8,13.8,7.6,700.7,a
366,399,91.8,13.8,7.6,700.7,b
345,560,91.8,13.8,6.3,700.7,d
404,698,91.8,13.8,5.4,700.7,c
887,113,92.2,9.6,2.2,503.6,d
147,556,93.1,13.5,2.7,666.7,d
591,864,93.1,13.5,0.4,666.7,d
726,485,93.1,13.5,3.1,666.7,c
796,545,93.1,13.5,3.1,666.7,a
178,272,93.1,13.5,3.6,666.7,d
258,537,91.9,8,2.7,565.5,d
120,805,91.6,6.3,3.1,621.7,a
662,161,87.5,5,4,694.8,a
693,129,94.2,11,2.2,581.1,c
580,998,94.2,11,2.7,581.1,c
933,612,91.8,13.7,0.9,692.3,c
802,984,91.8,13.7,1.8,692.3,a
370,107,93.6,14.4,4,542,d
197,937,91.6,8.9,7.6,573,c
836,847,91.6,8.9,3.1,573,a
810,373,91.1,7.1,3.6,629.1,c
547,415,94.3,13,3.1,684.4,k
858,506,93.7,14.6,7.6,550.3,d
421,643,94.3,22.7,4,607.1,b
793,256,92.1,14.3,3.1,658.2,a
229,588,92.1,14.3,3.1,658.2,c
962,986,92.1,14.3,2.7,658.2,c
577,897,92.1,14.3,3.1,658.2,d
848,379,92.1,14.3,4.5,658.2,d
955,269,92.1,14.3,4,658.2,b
476,826,84.4,6.8,8.5,353.5,d
558,463,84,5.3,8,354.6,a
394,142,84.6,2,4.9,352,b
189,966,85.4,2.6,8.5,349.7,c
133,534,85.4,2.6,8.5,349.7,d
870,197,85.4,2.6,8.5,349.7,k
104,595,85.4,2.6,8.5,349.7,d
887,980,84.7,4.1,4.9,352.6,b
820,482,85.4,2.6,8.5,349.7,k
213,783,84.9,3.4,4,353.5,c
835,218,86.9,3.2,3.1,18.7,b
127,714,85.2,6.3,8,15.8,c
295,674,93.9,12.3,6.3,411.8,k
404,784,91.2,12.5,7.6,437.7,b
682,791,91.6,9,2.7,474.9,c
361,427,91.6,9,1.8,474.9,d
895,906,91.6,9,1.8,474.9,k
130,630,91.6,9,1.8,474.9,b
251,859,91.6,9,0.9,474.9,b
302,136,91.6,6.3,1.3,466.3,b
535,825,93.1,11,5.4,430.8,c
473,159,92.3,8.5,3.6,440.9,d
583,680,93.1,11,1.3,430.8,d
684,723,90.4,6.4,1.8,290.8,b
925,360,90.4,6.4,2.2,290.8,d
876,460,91.2,12.7,4.9,377.2,k
405,889,53.4,0.4,2.7,233.8,a
731,250,90.4,7.5,4.9,298.1,c
141,607,90.4,7.5,5.4,298.1,k
569,674,91.1,7.1,4.5,232.1,b
122,684,91.1,7.1,4.5,232.1,c
502,310,85.1,3.5,4.9,113.8,k
208,821,89.6,5.7,2.2,714.3,d
952,395,89.6,5.7,5.4,714.3,d
687,990,89.6,5.7,3.6,714.3,d
567,511,92.4,9.9,1.8,758.1,b
943,294,92.4,9.9,2.2,758.1,c
751,451,92.4,9.9,2.7,758.1,d
544,281,92.4,9.9,1.8,758.1,c
930,441,50.4,0.4,6.3,706.6,b
179,417,92.6,8.8,4.9,777.1,b
336,140,92.6,8.8,1.8,777.1,c
826,349,91.2,7.2,2.7,817.5,c
861,783,92.4,8.6,5.8,739.4,b
235,881,92.4,8.6,4.9,739.4,d
413,295,92.8,7.5,2.2,783.5,c
282,907,92.8,7.5,6.3,783.5,a
743,909,92.8,7.5,7.2,783.5,c
142,564,92.8,7.5,4,783.5,a
131,193,92.8,7.5,4,783.5,b
324,206,90.7,6.8,2.7,822.8,c
544,877,88.1,5.4,1.8,726.9,d
131,840,92.2,8.4,3.1,751.5,b
709,322,92.2,8.4,3.1,751.5,b
794,887,92.2,8.4,2.2,751.5,b
156,361,92.2,8.4,1.8,751.5,a
388,735,92.2,8.4,4,751.5,c
422,356,92.2,8.4,3.1,751.5,d
790,328,91.2,8.5,4.5,795.3,b
737,110,91.2,8.5,2.2,795.3,b
244,774,92.1,9.5,3.1,721.1,a
912,327,91.6,6.2,5.4,764,a
242,424,91.6,6.2,1.8,764,c
581,993,91.6,6.2,2.2,764,b
478,390,91.6,6.2,2.2,764,d
804,534,91.6,6.2,2.2,764,k
488,646,91.6,6.2,1.8,764,c
564,706,91.6,6.2,2.2,764,c
794,516,91.9,6.5,2.2,770.3,a
435,400,91.5,7.5,1.8,807.1,d
612,986,91.5,7.5,4.5,807.1,c
713,672,91.5,7.5,4.9,807.1,b
198,133,91.5,7.5,3.1,807.1,c
613,494,91.5,7.5,2.2,807.1,d
997,979,92.1,9.6,3.6,745.3,d
250,600,92.1,9.6,4.5,745.3,d
433,922,92.1,9.6,3.6,745.3,a
258,422,92.1,9.6,3.6,745.3,d
545,705,92.1,9.6,6.3,745.3,b
555,461,92.1,9.6,3.6,745.3,d
556,293,92.1,9.6,2.7,745.3,b
275,735,92.1,9.6,2.2,745.3,c
922,751,92.1,9.6,4.9,745.3,b
222,301,92.1,9.6,4.9,745.3,a
450,781,92.5,10.2,3.6,789.7,b
267,704,92.5,10.2,2.7,789.7,a
819,220,92.5,10.2,2.2,789.7,d
440,148,92.5,10.2,2.2,789.7,a
147,994,92.5,10.2,4,789.7,d
560,287,88.2,11.6,3.1,732.3,d
514,548,91.9,6.5,2.2,770.3,d
699,313,91.9,6.5,2.7,770.3,c
447,455,91.9,6.5,3.1,770.3,k
579,433,91.1,12.5,5.4,812.1,b
400,697,91.1,12.5,3.6,812.1,d
892,233,91.2,8.4,4.9,744.4,c
515,111,91,7.1,7.6,825.1,d
372,756,91,7.1,7.6,825.1,a
331,652,91.9,8,4,520.5,c
533,648,92,8.1,0.9,664.5,c
546,141,94.8,13.9,2.7,698.6,d
929,730,90.3,7.4,4,855.3,d
377,667,91.2,8.4,4.9,744.4,d
217,102,92.1,8.2,2.2,672.6,c
377,653,93.7,8.4,2.2,715.1,c
192,607,90.9,8,5.8,30.6,c
761,302,18.7,0,0.9,171.4,a
123,924,93.7,11.9,7.2,458.8,b
886,229,90.7,6.8,2.7,643,c
900,769,95.2,18,1.8,690,b
805,599,91.6,6.3,2.7,753.8,c
981,215,91.6,7.7,4.5,819.1,d
897,487,91.6,7.6,2.2,613,c
673,320,90.5,11.4,5.4,750.5,b
512,469,90.9,8,5.4,30.6,d
600,242,94.8,12,3.1,706.7,c
639,970,94.8,12,3.1,706.7,c
839,365,84.7,4.1,6.3,58.3,a
567,222,91.1,7.2,2.7,738.1,k
805,382,91,7.1,4,825.1,b
763,815,93.4,11.4,7.6,25.6,d
218,363,84.1,2.2,1.8,46.7,c
959,767,85,3.5,1.8,56.9,d
103,692,90.5,11.4,4.9,750.5,c
302,146,91.6,7.6,3.6,613,c
629,138,93.7,8.4,3.1,715.1,k
523,166,93.3,14,4.5,297.7,c
596,800,93.3,14,4.5,297.7,a
980,313,91.1,8.3,4,731.7,d
473,944,94.8,12,4,706.7,b
116,437,90.7,6.8,3.6,643,d
287,943,87.9,3.7,2.2,725.1,d
484,831,94.6,9.5,2.2,680.9,c
528,698,87.1,4,4.9,860.6,d
957,185,84.7,2.9,4,55,d
792,119,90.3,7.4,3.1,855.3,k
329,573,92.3,12.1,5.4,450.2,c
309,479,84.1,2.7,2.7,52.8,d
662,317,84.6,3.3,9.4,43.6,c
394,789,92.3,9.8,4.5,442.1,d
653,556,93.7,8.4,3.6,715.1,b
414,883,93.6,10.1,4,723.1,d
235,416,94.8,13.9,4.9,698.6,c
621,147,92.7,8.9,3.1,575.8,d
265,760,93.4,9.9,5.8,28.3,d
694,830,92,8.1,5.4,664.5,d
977,399,91.6,7.6,4,613,c
820,546,91.7,7.8,4.5,635.9,c
881,893,95.2,18,4.5,690,d
130,913,88.9,5.2,3.6,795.9,k
814,513,91.2,8.4,4,744.4,d
956,177,93.7,8.4,3.6,715.1,d
623,522,91.6,6.3,2.2,753.8,d
416,143,91.6,6.3,2.2,753.8,d
846,685,92.1,8.2,2.2,672.6,a
460,752,94.8,13.9,5.8,698.6,d
246,811,91.6,7.6,4,613,d
821,953,89.7,6.8,3.6,849.3,b
714,835,92.1,9.6,4,605.3,c
601,134,94.8,13.9,6.7,698.6,c
566,799,93.6,10.1,4.9,723.1,c
310,787,90.6,5.5,3.6,811.2,c
516,388,90.8,5.6,1.8,376.6,b
904,405,92.1,8.2,1.3,672.6,c
135,802,89.4,9.7,2.7,768.4,c
309,304,93.7,8.4,4,715.1,b
985,229,91.1,7.2,2.2,738.1,a
603,505,90.3,7.4,3.6,855.3,c
842,905,92.1,8.2,1.8,672.6,d
206,592,87.9,3.7,3.1,41.6,a
869,405,90.7,16.8,8,368.3,d
776,213,90.3,7.4,3.6,855.3,c
755,772,94,10.7,4.5,100.7,a
452,275,92,8.1,2.2,664.5,c
113,555,93.4,9.9,8,28.3,c
600,326,89.7,10.1,4,844,d
947,660,91.6,7.6,4.9,613,c
929,126,95.2,18,5.4,690,a
318,302,90.5,16.3,4.9,649.9,c
740,698,91.5,7.5,4,730.6,b
100,943,89.4,5.6,3.1,803.3,k
495,155,91.6,6.3,3.1,753.8,c
965,410,94.6,16.7,2.7,567.2,b
912,276,91.6,6.3,2.7,753.8,b
182,435,91.7,7.8,4,635.9,b
667,977,93.7,8.4,4.9,715.1,d
622,824,91.6,7.7,8,819.1,a
734,241,93.7,8.4,4.9,715.1,c
601,227,93.7,8.4,4.9,715.1,d
356,403,91,7.1,7.6,825.1,d
157,598,75.1,1.9,6.3,16.2,d
795,103,75.1,1.9,5.4,16.2,b
530,376,79.5,1.8,0.9,15.3,d
244,196,87.2,7.1,5.8,36.9,k
628,404,90.2,7.3,5.4,41.1,c
697,286,91.3,8.5,3.6,43.5,d
665,876,91,12.3,9.4,25.6,d
186,386,91,12.3,5.8,25.6,b
549,103,89.6,5.7,4,73.7,c
321,560,88.2,4.7,4,229,d
185,703,90.5,9.4,3.1,252.6,d
480,516,93,10.8,2.7,316.7,b
439,368,93.7,18,9.4,350.2,c
593,450,93.5,9.9,1.3,395,a
479,960,93.7,14.7,4,423.4,d
511,250,93.7,14.7,4.5,423.4,c
581,680,89.2,6.4,4.9,431.6,d
573,964,93.2,9.5,4.5,560,b
336,288,93.2,9.5,4.9,560,k
865,177,94.9,14.1,5.8,587.1,c
853,854,94.9,14.1,5.4,587.1,d
632,922,94.9,14.1,4,587.1,c
269,472,95,21.3,3.6,596.3,b
444,120,95.1,17.7,6.3,605.8,a
824,882,95.1,17.7,3.6,605.8,k
363,462,95.1,17.7,7.6,605.8,b
929,329,95.1,17.7,1.3,605.8,c
643,273,95.1,17.7,4,605.8,c
328,356,95.8,13.8,4.5,624.1,a
809,723,95.9,11.3,2.2,633.6,c
524,523,95.9,11.3,4.5,633.6,d
374,779,96,14,4.9,643,d
855,261,96.2,16.8,2.2,661.8,b
109,465,96.2,16.8,3.1,661.8,c
261,959,96.1,14.3,2.2,671.2,b
937,232,96.1,14.3,2.7,671.2,k
918,923,96.1,14.3,4.9,671.2,b
369,860,96.1,14.3,4.9,671.2,d
208,959,96.1,14.3,4.9,671.2,a
727,463,96.1,14.3,4.9,671.2,c
105,442,94.5,20,4.9,689.1,c
272,114,94.5,20,4.9,689.1,c
301,498,91,10.1,1.8,744.4,c
710,938,91,7.1,8.5,752.6,d
712,890,91,7.1,3.6,752.6,d
835,994,91,7.1,3.6,752.6,c
774,334,91,7.1,7.6,752.6,b
624,813,91,7.1,5.4,752.6,c
456,114,81.6,1.9,2.7,665.6,d
997,112,81.6,1.9,2.7,665.6,d
821,463,81.6,1.9,5.8,665.6,c
174,418,81.6,1.9,6.7,665.6,a
613,145,94.4,11.3,4,614.7,c
939,398,79.5,1.1,4.5,106.7,c
775,371,91.5,9,4.5,537.4,k
947,750,91,9.6,4.5,594.2,a
691,883,92.5,14.7,4.5,601.4,b
140,879,92.5,8.5,4.5,668,d
746,314,92.8,10.7,4.5,686.5,b
647,569,63.5,7,4.5,721.4,d
327,563,90.9,7.1,4.5,728.6,d
371,303,92.9,7.1,4.5,692.3,b
476,970,93.3,22.6,4.5,709.9,b
300,252,91.7,0.8,4.5,706.8,c
920,867,84.9,7,4.5,718.3,d
447,322,89.2,9.2,4.5,724.3,c
209,211,86.3,13.9,4.5,730.2,d
992,844,91,7.8,4.5,669.1,a
171,318,91.8,3,4.5,682.6,d
962,678,94.3,6.3,4.5,686.9,c
438,534,90.2,5.1,4.5,67.6,c
445,893,93.5,7,4.5,366.7,k
958,612,91.4,9.2,4.5,624.2,c
182,339,92.4,56.1,4.5,647.1,k
905,943,90.9,6.2,4.5,698.6,a
446,580,93.4,20.3,4.5,735.7,d
131,250,93.5,10.6,4.5,692.3,c
264,933,94.3,12.2,4.5,686.5,d
336,874,88.6,7,4.5,442.9,d
787,857,88.6,8.1,4.5,64.7,d
160,745,91.7,8.1,4.5,103.8,c
598,647,91.8,15.9,4.5,706.4,d
871,174,90.3,7.1,4.5,631.2,d
894,975,90.6,5.8,4.5,654.1,c
397,229,90,7.8,4.5,654.1,a
165,175,90.6,9.2,4.5,661.3,d
343,150,88.1,6.3,4.5,706.4,c
378,557,79.5,6.7,4.5,730.2,k
629,310,90.2,8.7,4.5,691.8,k
684,262,94.8,6.7,4.5,34,d
818,851,92.5,3.8,4.5,43,c
509,587,90.1,1.5,4.5,102.2,c
889,743,94.3,8.9,4.5,102.2,c
538,620,90.9,17,4.5,466.6,a
922,260,94.2,7.1,4.5,631.2,k
379,502,87.2,6.2,4.5,638.8,c
215,605,87.6,15.9,4.5,661.3,d
909,506,92.9,7,4.5,668,c
888,122,90.2,11,4.5,668,a
910,368,92.1,4.1,4.5,668,d
109,313,92.1,5,4.5,77.5,b
456,986,91.7,9.2,4.5,97.8,d
105,735,92.9,6.3,4.5,692.3,d
595,261,90.3,9.6,4.5,77.5,d
767,701,92.6,9.6,4.5,614.5,b
204,948,84,6.3,4.5,713.9,c
784,218,86.6,9.2,4.5,26.6,c
963,331,89.3,6.3,4.5,43,d
656,685,89.3,8.8,4.5,103.8,d
309,289,93,2.1,4.5,529.8,d
534,866,90.2,5.3,4.5,561.6,d
473,555,91.1,9.6,4.5,601.4,d
864,855,91.7,9.6,4.5,631.2,b
194,892,92.4,7.7,4.5,647.1,b
732,817,92.4,6.3,4.5,654.1,d
775,622,92.4,5.8,4.5,661.3,a
516,980,91.7,6.3,4.5,706.4,d
947,675,91.2,12.2,4.5,706.4,b
130,966,94.3,12.2,4.5,706.4,c
532,924,91.7,12.2,4.5,728.6,c
615,831,88.8,9,4.5,80.8,b
556,968,93.3,12.5,4.5,624.2,a
754,215,84.2,15.9,4.5,80.8,d
736,437,86.6,9,4.5,488,b
800,450,87.6,9,4.5,601.4,c
219,764,90.1,13.9,4.5,638.8,c
141,801,91,7.7,4.5,704.4,d
808,594,91.4,5.3,4.5,30.2,c
743,161,90.2,5,4.5,15.5,c
493,906,94.8,12.5,4.5,601.4,k
903,741,92.1,7,4.5,601.4,c
600,747,91.7,10.6,4.5,601.4,d
179,207,92.9,6.3,4.5,614.5,a
959,836,92.9,17,4.5,647.1,c
716,285,92.9,9.6,4.5,674.4,c
440,596,93.5,6.3,4.5,9.3,b
124,154,91.7,9.2,4.5,57.3,c
641,643,90.2,9.2,4.5,74.3,b
145,195,91.7,9.2,4.5,631.2,a
208,699,92.3,8.1,4.5,698.6,b
364,618,91.4,7.8,4.5,709.9,d
290,353,91.1,8.9,4.5,57.3,k
274,164,89.7,7.8,4.5,77.5,b
192,250,83.9,14.7,4.5,704.4,d
420,981,69,10.6,4.5,724.3,k
709,790,91.4,5.8,4.5,67.6,c
843,754,91.4,4.8,4.5,67.6,d
331,499,91.4,2.6,4.5,80.8,c
681,558,88.8,0.7,4.5,80.8,c
584,877,94.8,10.6,4.5,86.6,d
890,364,92.5,10.6,4.5,466.6,d
519,862,82.1,10.6,4.5,608.2,k
282,776,85.9,9,4.5,608.2,d
133,900,91.4,17,4.5,680.7,b
764,684,90.2,8.6,4.5,671.9,c
894,643,92.5,2.9,4.5,692.3,b
886,775,88.6,2.8,4.5,691.8,c
741,825,85.9,7.5,4.5,103.8,c
149,508,91.7,6.3,4.5,728.6,d
826,764,89.7,7.1,4.5,673.8,d
253,373,91.8,7.1,4.5,691.8,d
288,879,88.1,2.8,4.5,87.2,d
880,113,88.1,9,4.5,64.7,d
431,532,91.7,4.8,4.5,102.2,b
799,986,91.7,9.2,4.5,685.2,c
985,279,90.1,3.8,4.5,67.6,d
532,555,91.5,3.8,4.5,594.2,k
678,277,91,7.8,4.5,680.7,d
771,696,92.5,7.8,4.5,686.5,d
848,798,92.5,6.2,4.5,313.4,c
205,464,92.8,7.7,4.5,692.6,d
467,231,63.5,10.7,4.5,686.5,k
768,286,90.9,10.7,4.5,513.3,d
498,390,92.9,8.5,4.5,529.8,c
290,884,93.3,3.2,4.5,296.3,c
692,382,91.7,15.9,4.5,513.3,c
469,186,84.9,8.8,4.5,578.8,d
410,685,89.2,5,4.5,86.6,d
327,953,86.3,8.1,4.5,671.9,a
235,211,91,5.2,4.5,647.1,c
913,879,91.8,8.8,4.5,685.2,b
348,494,94.3,0.8,4.5,433.3,k
248,660,90.2,4.1,4.5,355.2,d
890,494,93.5,9.6,4.5,424.1,d
964,441,91.4,17.9,4.5,692.3,k
357,288,92.4,3.8,4.5,721.4,d
635,924,90.9,20.3,4.5,647.1,d
646,978,93.4,8.5,4.5,721.4,c
557,823,93.5,7,4.5,654.1,c
341,963,94.3,3.9,4.5,654.1,c
269,458,88.6,7,4.5,668,d
586,802,88.6,7,4.5,86.6,d
849,744,91.7,13.2,4.5,578.8,b
411,514,91.8,12.5,4.5,100.4,c
983,255,90.3,8.7,4.5,674.4,c
275,415,90.6,13.2,4.5,704.4,k
330,330,90,10.4,4.5,55,c
645,490,90.6,6.2,4.5,654.1,c
682,663,88.1,3.2,4.5,570.5,c
753,633,79.5,17,4.5,97.8,b
761,131,90.2,17.9,4.5,578.8,a
358,611,94.8,7.1,4.5,699.6,a
708,526,92.5,7.2,4.5,609.6,c
994,849,90.1,6.2,4.5,601.4,a
106,376,94.3,15.9,4.5,686.5,b
161,721,90.9,8.1,4.5,624.2,c
263,457,94.2,17,4.5,624.2,a
221,288,87.2,8.1,4.5,55.2,a
729,680,87.6,9.6,4.5,631.2,c
533,340,92.9,9.6,4.5,735.7,b
404,924,90.2,12.2,4.5,614.5,a
545,907,92.1,6.2,4.5,680.7,c
540,351,92.1,10.4,4.5,664.2,d
880,828,91.7,7.8,4.5,48.3,d
180,144,92.9,8.6,4.5,696.1,b
815,974,90.3,4.8,4.5,586.7,k
268,718,92.6,3,4.5,692.6,c
340,574,84,9.6,4.5,102.2,k
723,570,86.6,16.5,4.5,686.5,c
158,948,89.3,12.5,4.5,89.4,a
554,493,89.3,10.4,4.5,92.4,a
461,991,93,9.2,4.5,97.8,b
919,973,90.2,6.6,4.5,578.8,c
182,530,91.1,10.6,4.5,647.1,b
484,382,91.7,7,4.5,699.6,d
442,304,92.4,8.9,4.5,647.1,k
609,189,92.4,8.9,4.5,586.7,a
121,676,92.4,2.7,4.5,55.2,c
389,406,91.7,6.3,4.5,706.4,c
446,950,91.2,6.2,4.5,692.6,c
598,605,94.3,9,4.5,665.3,c
220,313,91.7,8.5,4.5,692.6,d
435,244,88.8,3,4.5,83.7,c
483,486,93.3,3.9,4.5,32.1,d
803,984,84.2,11.1,4.5,673.8,d
842,733,86.6,15.1,4.5,100.4,c
453,859,87.6,7,4.5,706.4,c
836,166,90.1,9.6,4.5,594.2,c
454,466,91,7,4.5,692.6,d
203,263,91.4,7.9,4.5,668,c
768,250,90.2,5.5,4.5,685.2,d
506,805,94.8,12.5,4.5,686.9,c
797,113,92.1,10.4,4.5,594.2,c
440,423,91.7,17,4.5,692.3,d
994,535,92.9,9.2,4.5,103.8,c
998,565,92.9,17,4.5,80.8,d
284,256,92.9,15.1,4.5,80.8,d
734,903,93.5,2.7,4.5,680.7,b
918,121,91.7,9.2,4.5,709.9,k
595,625,90.2,7,4.5,699.6,c
813,528,91.7,0.8,4.5,86.6,d
637,152,92.3,7,4.5,631.2,b
757,883,91.4,7.2,4.5,713.9,b
635,920,91.1,2.1,4.5,103.8,d
352,105,89.7,5.2,4.5,309.9,d
691,575,83.9,7.8,4.5,735.7,a
131,459,69,9.2,4.5,728.6,k
222,220,91.4,20.3,4.5,696.1,a
425,552,91.4,7,4.5,480.8,a
690,564,91.4,12.2,4.5,728.6,a
868,475,88.8,17.9,4.5,480.8,d
665,869,94.8,6.7,4.5,699.6,k
436,890,92.5,20.3,4.5,728.6,c
304,235,82.1,15.9,4.5,537.4,b
211,624,85.9,5,4.5,594.2,c
562,434,91.4,7.8,4.5,601.4,k
355,304,90.2,7.8,4.5,668,a
937,877,92.5,8.5,4.5,686.5,k
780,288,88.6,7.1,4.5,721.4,a
247,976,85.9,9.2,4.5,728.6,c
894,400,91.7,6.2,4.5,692.3,d
210,604,89.7,6.3,4.5,709.9,d
897,720,91.8,13.9,4.5,706.8,d
816,956,88.1,5,4.5,718.3,d
455,959,88.1,6.8,4.5,724.3,a
951,794,91.7,6.2,4.5,730.2,c
945,946,91.7,8.1,4.5,669.1,d
130,923,90.1,11.1,4.5,682.6,c
765,166,91.5,11.9,4.5,686.9,c
958,104,91,8.1,4.5,67.6,k
633,397,92.5,11.9,4.5,366.7,c
232,879,92.5,9.2,4.5,624.2,d
354,790,92.8,8.1,4.5,647.1,c
621,796,63.5,7,4.5,698.6,b
919,375,90.9,3.2,4.5,735.7,b
365,297,92.9,8.6,4.5,692.3,a
782,600,93.3,10.6,4.5,686.5,a
413,683,91.7,8.6,4.5,442.9,b
654,325,84.9,7,4.5,64.7,a
851,237,89.2,8.6,4.5,103.8,c
374,973,86.3,3.5,4.5,706.4,b
278,421,91,3.8,4.5,631.2,c
464,238,91.8,2.3,4.5,654.1,c
808,744,94.3,12.9,4.5,654.1,c
868,567,90.2,13.8,4.5,661.3,b
462,711,93.5,13.8,4.5,706.4,d
783,114,91.4,13.8,4.5,730.2,b
618,741,92.4,13.8,4.5,691.8,c
393,507,90.9,9.6,4.5,34,c
792,728,93.4,13.5,4.5,43,b
387,431,93.5,13.5,4.5,102.2,c
942,191,94.3,13.5,4.5,102.2,k
625,107,88.6,13.5,4.5,466.6,b
389,646,88.6,13.5,4.5,631.2,d
974,377,91.7,8,4.5,638.8,d
508,216,91.8,6.3,4.5,661.3,d
194,647,90.3,5,4.5,668,c
511,504,90.6,11,4.5,668,b
615,568,90,11,4.5,668,b
750,691,90.6,13.7,4.5,77.5,b
755,291,88.1,13.7,4.5,97.8,c
972,734,79.5,14.4,4.5,692.3,a
345,321,90.2,8.9,4.5,77.5,b
453,990,94.8,8.9,4.5,614.5,d
676,888,92.5,7.1,4.5,713.9,c
837,275,90.1,13,4.5,26.6,d
902,205,94.3,14.6,4.5,43,d
243,605,90.9,22.7,4.5,103.8,d
202,331,94.2,14.3,4.5,529.8,a
231,127,87.2,14.3,4.5,561.6,d
385,632,87.6,14.3,4.5,601.4,d
761,530,92.9,14.3,4.5,631.2,d
145,493,90.2,14.3,4.5,647.1,d
202,917,92.1,14.3,4.5,654.1,a
138,112,92.1,6.8,4.5,661.3,c
393,609,91.7,5.3,4.5,706.4,c
492,369,92.9,2,4.5,706.4,d
181,340,90.3,2.6,4.5,706.4,c
580,310,92.6,2.6,4.5,728.6,k
297,225,84,2.6,4.5,80.8,k
131,941,86.6,2.6,4.5,624.2,c
687,207,89.3,4.1,4.5,80.8,a
974,164,89.3,2.6,4.5,488,b
674,810,93,3.4,4.5,601.4,c
351,499,90.2,3.2,4.5,638.8,c
645,434,91.1,6.3,4.5,704.4,b
744,939,91.7,12.3,4.5,30.2,d
360,426,92.4,12.5,4.5,15.5,b
220,781,92.4,9,4.5,601.4,b
850,955,92.4,9,4.5,601.4,d
209,231,91.7,9,4.5,601.4,k
691,939,91.2,9,4.5,614.5,d
607,145,94.3,9,4.5,647.1,d
828,632,91.7,6.3,4.5,674.4,k
323,638,88.8,11,4.5,9.3,d
801,456,93.3,8.5,4.5,57.3,c
510,935,84.2,11,4.5,74.3,a
834,483,86.6,6.4,4.5,631.2,d
210,846,87.6,6.4,4.5,698.6,c
546,312,90.1,12.7,4.5,709.9,d
223,394,91,0.4,4.5,57.3,c
379,614,91.4,7.5,4.5,77.5,b
950,490,90.2,7.5,4.5,704.4,c
902,220,94.8,7.1,4.5,724.3,a
167,471,92.1,7.1,4.5,67.6,c
938,673,91.7,3.5,4.5,67.6,b
912,629,92.9,5.7,4.5,80.8,c
515,541,92.9,5.7,4.5,80.8,b
196,397,92.9,5.7,4.5,86.6,d
107,718,93.5,9.9,4.5,466.6,b
546,644,91.7,9.9,4.5,608.2,b
910,254,90.2,9.9,4.5,608.2,a
749,456,91.7,9.9,4.5,680.7,b
283,181,92.3,0.4,4.5,671.9,b
976,414,91.4,8.8,4.5,692.3,d
941,146,91.1,8.8,4.5,691.8,d
853,613,89.7,7.2,4.5,103.8,c
231,440,83.9,8.6,4.5,728.6,c
560,169,69,8.6,4.5,673.8,b
231,249,91.4,7.5,4.5,691.8,k
193,477,91.4,7.5,4.5,87.2,c
925,479,91.4,7.5,4.5,64.7,c
727,330,88.8,7.5,4.5,102.2,c
532,216,94.8,7.5,4.5,685.2,k
904,729,92.5,6.8,4.5,67.6,k
787,836,82.1,5.4,4.5,594.2,d
676,648,85.9,8.4,4.5,680.7,c
109,586,91.4,8.4,4.5,686.5,d
228,574,90.2,8.4,4.5,313.4,k
464,159,92.5,8.4,4.5,692.6,c
196,306,88.6,8.4,4.5,686.5,d
345,274,85.9,8.4,4.5,513.3,d
302,326,91.7,8.5,4.5,529.8,d
653,330,89.7,8.5,4.5,296.3,a
524,448,91.8,9.5,4.5,513.3,k
135,338,88.1,6.2,4.5,578.8,d
739,773,88.1,6.2,4.5,86.6,a
967,256,91.7,6.2,4.5,671.9,c
784,755,91.7,6.2,4.5,647.1,c
206,443,90.1,6.2,4.5,685.2,d
256,391,91.5,6.2,4.5,433.3,d
665,100,91,6.2,4.5,355.2,d
177,733,92.5,6.5,4.5,424.1,c
888,158,92.5,7.5,4.5,692.3,c
297,733,92.8,7.5,4.5,721.4,d
943,940,63.5,7.5,4.5,647.1,a
386,578,90.9,7.5,4.5,721.4,c
468,916,92.9,7.5,4.5,654.1,d
452,452,93.3,9.6,4.5,654.1,b
947,686,91.7,9.6,4.5,668,c
713,404,84.9,9.6,4.5,86.6,c
676,297,89.2,9.6,4.5,578.8,c
916,480,86.3,9.6,4.5,100.4,a
153,455,91,9.6,4.5,674.4,d
438,122,91.8,9.6,4.5,704.4,k
815,163,94.3,9.6,4.5,55,k
676,414,90.2,9.6,4.5,654.1,a
235,451,93.5,9.6,4.5,570.5,c
971,856,91.4,10.2,4.5,97.8,c
256,416,92.4,10.2,4.5,578.8,b
230,818,90.9,10.2,4.5,699.6,d
104,945,93.4,10.2,4.5,609.6,c
364,459,93.5,10.2,4.5,601.4,a
842,763,94.3,11.6,4.5,686.5,c
546,154,88.6,6.5,4.5,624.2,b
209,165,88.6,6.5,4.5,624.2,c
403,828,91.7,6.5,4.5,55.2,a
941,369,91.8,12.5,4.5,631.2,c
775,253,90.3,12.5,4.5,735.7,k
882,852,90.6,8.4,4.5,614.5,c
729,461,90,7.1,4.5,680.7,b
222,524,90.6,7.1,4.5,664.2,a
396,583,88.1,8,4.5,48.3,c
190,859,79.5,8.1,4.5,696.1,d
611,365,90.2,13.9,4.5,586.7,b
472,224,94.8,7.4,4.5,692.6,b
565,548,92.5,8.4,4.5,102.2,d
866,834,90.1,8.2,4.5,686.5,c
613,881,94.3,8.4,4.5,89.4,c
825,332,90.9,8,4.5,92.4,k
138,977,94.2,0,4.5,97.8,d
873,804,87.2,11.9,4.5,578.8,a
950,547,87.6,6.8,4.5,647.1,c
625,221,92.9,18,4.5,699.6,c
973,523,90.2,6.3,4.5,647.1,c
693,647,92.1,7.7,4.5,586.7,d
945,626,92.1,7.6,4.5,55.2,a
961,721,91.7,11.4,4.5,706.4,d
351,806,92.9,8,4.5,692.6,c
422,992,90.3,12,4.5,665.3,d
996,138,92.6,12,4.5,692.6,d
762,658,84,4.1,4.5,83.7,b
209,661,86.6,7.2,4.5,32.1,d
164,450,89.3,7.1,4.5,673.8,d
790,643,89.3,11.4,4.5,100.4,c
563,455,93,2.2,4.5,706.4,d
384,609,90.2,3.5,4.5,594.2,c
382,114,91.1,11.4,4.5,692.6,d
407,550,91.7,7.6,4.5,668,a
673,931,92.4,8.4,4.5,685.2,c
556,975,92.4,14,4.5,686.9,c
573,782,92.4,14,4.5,594.2,c
128,900,91.7,8.3,4.5,692.3,c
770,694,91.2,12,4.5,103.8,a
290,632,94.3,6.8,4.5,80.8,c
660,711,91.7,3.7,4.5,80.8,c
391,550,88.8,9.5,4.5,680.7,d
704,210,93.3,4,4.5,709.9,c
548,998,84.2,2.9,4.5,699.6,b
537,321,86.6,7.4,4.5,86.6,c
789,954,87.6,12.1,4.5,631.2,b
956,438,90.1,2.7,4.5,713.9,d
775,760,91,3.3,4.5,103.8,k
824,486,91.4,9.8,4.5,309.9,b
506,402,90.2,8.4,4.5,735.7,a
385,411,94.8,10.1,4.5,728.6,k
129,244,92.1,13.9,4.5,696.1,b
396,914,91.7,8.9,4.5,480.8,d
502,891,92.9,9.9,4.5,728.6,c
341,768,92.9,8.1,4.5,480.8,d
151,682,92.9,7.6,4.5,699.6,b
861,918,93.5,7.8,4.5,728.6,c
225,571,91.7,18,4.5,537.4,c
343,574,90.2,5.2,4.5,594.2,b
812,106,91.7,8.4,4.5,601.4,a
485,853,92.3,8.4,4.5,668,c
576,164,91.4,6.3,4.5,686.5,d
679,908,91.1,6.3,4.5,721.4,d
134,645,89.7,8.2,4.5,728.6,d
425,594,83.9,13.9,4.5,692.3,d
928,143,69,7.6,4.5,709.9,c
803,964,91.4,6.8,4.5,706.8,d
386,823,91.4,9.6,4.5,718.3,a
178,994,91.4,13.9,4.5,724.3,b
195,294,88.8,10.1,4.5,730.2,d
828,934,94.8,5.5,4.5,669.1,c
713,559,92.5,5.6,4.5,682.6,k
570,858,82.1,8.2,4.5,686.9,c
515,356,85.9,9.7,4.5,67.6,b
997,251,91.4,8.4,4.5,366.7,b
634,632,90.2,7.2,4.5,624.2,c
506,760,92.5,7.4,4.5,647.1,c
812,699,88.6,8.2,4.5,698.6,a
809,256,85.9,3.7,4.5,735.7,b
770,467,91.7,16.8,4.5,692.3,b
739,121,89.7,7.4,4.5,686.5,c
352,215,91.8,10.7,4.5,442.9,c
373,556,88.1,8.1,4.5,64.7,b
921,488,88.1,9.9,4.5,103.8,b
740,879,91.7,10.1,4.5,706.4,a
818,829,91.7,7.6,4.5,631.2,d
832,555,90.1,18,4.5,654.1,c
605,231,91.5,16.3,4.5,654.1,c
361,740,91,7.5,4.5,661.3,d
170,611,92.5,5.6,4.5,706.4,d
935,225,92.5,6.3,4.5,730.2,d
243,408,92.8,16.7,4.5,691.8,d
334,107,63.5,6.3,4.5,34,c
159,132,90.9,7.8,4.5,43,c
709,269,92.9,8.4,4.5,102.2,c
649,473,93.3,7.7,4.5,102.2,d
383,488,91.7,8.4,4.5,466.6,c
411,484,84.9,8.4,4.5,631.2,a
376,801,89.2,7.1,4.5,638.8,b
266,152,86.3,1.9,4.5,661.3,a
571,774,91,1.9,4.5,668,c
186,573,91.8,1.8,4.5,668,b
829,163,94.3,7.1,4.5,668,c
254,820,90.2,7.3,4.5,77.5,k
131,353,93.5,8.5,4.5,97.8,b
841,394,91.4,12.3,4.5,692.3,a
101,254,92.4,12.3,4.5,77.5,c
675,851,90.9,5.7,4.5,614.5,c
672,646,93.4,4.7,4.5,713.9,d
640,146,93.5,9.4,4.5,26.6,a
662,212,94.3,10.8,4.5,43,a
794,364,88.6,18,4.5,103.8,d
378,437,88.6,9.9,4.5,529.8,d
819,581,91.7,14.7,4.5,561.6,a
420,966,91.8,14.7,4.5,601.4,b
435,294,90.3,6.4,4.5,631.2,d
377,704,90.6,9.5,4.5,647.1,k
504,496,90,9.5,4.5,654.1,a
348,957,90.6,14.1,4.5,661.3,c
411,655,88.1,14.1,4.5,706.4,b
359,222,79.5,14.1,4.5,706.4,d
641,236,90.2,21.3,4.5,706.4,c
